<?xml version="1.0" encoding="UTF-8"?>
<!--
严肃声明：
开源版本请务必保留此注释头信息，若删除我方将保留所有法律责任追究！
本软件已申请软件著作权，受国家版权局知识产权以及国家计算机软件著作权保护！
可正常分享和学习源码，不得用于违法犯罪活动，违者必究！
Copyright (c) 2022 程序员十三 all rights reserved.
版权所有，侵权必究！
-->
<!DOCTYPE mapper PUBLIC "-//mybatis.org//DTD Mapper 3.0//EN" "http://mybatis.org/dtd/mybatis-3-mapper.dtd">
<mapper namespace="ltd.goods.cloud.newbee.dao.GoodsCategoryMapper">
    <resultMap id="BaseResultMap" type="ltd.goods.cloud.newbee.entity.GoodsCategory">
        <id column="category_id" jdbcType="BIGINT" property="categoryId"/>
        <result column="category_level" jdbcType="TINYINT" property="categoryLevel"/>
        <result column="parent_id" jdbcType="BIGINT" property="parentId"/>
        <result column="category_name" jdbcType="VARCHAR" property="categoryName"/>
        <result column="category_rank" jdbcType="INTEGER" property="categoryRank"/>
        <result column="is_deleted" jdbcType="TINYINT" property="isDeleted"/>
        <result column="create_time" jdbcType="TIMESTAMP" property="createTime"/>
        <result column="create_user" jdbcType="INTEGER" property="createUser"/>
        <result column="update_time" jdbcType="TIMESTAMP" property="updateTime"/>
        <result column="update_user" jdbcType="INTEGER" property="updateUser"/>
    </resultMap>
    <sql id="Base_Column_List">
    category_id, category_level, parent_id, category_name, category_rank, is_deleted, 
    create_time, create_user, update_time, update_user
  </sql>
    <select id="findGoodsCategoryList" parameterType="Map" resultMap="BaseResultMap">
        select
        <include refid="Base_Column_List"/>
        from tb_newbee_mall_goods_category
        <where>
            <if test="categoryLevel!=null and categoryLevel!=''">
                and category_level = #{categoryLevel}
            </if>
            <if test="parentId!=null and parentId!=''">
                and parent_id = #{parentId}
            </if>
            and is_deleted = 0
        </where>
        order by category_rank desc
        <if test="start!=null and limit!=null">
            limit #{start},#{limit}
        </if>
    </select>
    <select id="getTotalGoodsCategories" parameterType="Map" resultType="int">
        select count(*) from tb_newbee_mall_goods_category
        <where>
            <if test="categoryLevel!=null and categoryLevel!=''">
                and category_level = #{categoryLevel}
            </if>
            <if test="parentId!=null and parentId!=''">
                and parent_id = #{parentId}
            </if>
            and is_deleted = 0
        </where>
    </select>
    <select id="selectByPrimaryKey" parameterType="java.lang.Long" resultMap="BaseResultMap">
        select
        <include refid="Base_Column_List"/>
        from tb_newbee_mall_goods_category
        where category_id = #{categoryId,jdbcType=BIGINT} and is_deleted=0
    </select>
    <select id="selectByLevelAndName" resultMap="BaseResultMap">
        select
        <include refid="Base_Column_List"/>
        from tb_newbee_mall_goods_category
        where category_name = #{categoryName,jdbcType=VARCHAR} and category_level = #{categoryLevel,jdbcType=TINYINT}
        and is_deleted = 0 limit 1
    </select>
    <select id="selectByLevelAndParentIdsAndNumber" resultMap="BaseResultMap">
        select
        <include refid="Base_Column_List"/>
        from tb_newbee_mall_goods_category
        where parent_id in
        <foreach item="parentId" collection="parentIds" open="(" separator="," close=")">
            #{parentId,jdbcType=BIGINT}
        </foreach>
        and category_level = #{categoryLevel,jdbcType=TINYINT}
        and is_deleted = 0
        order by category_rank desc
        <if test="number>0">
            limit #{number}
        </if>
    </select>
    <update id="deleteByPrimaryKey" parameterType="java.lang.Long">
    update tb_newbee_mall_goods_category set is_deleted=1
    where category_id = #{categoryId,jdbcType=BIGINT} and is_deleted=0
  </update>
    <update id="deleteBatch">
        update tb_newbee_mall_goods_category
        set is_deleted=1 where category_id in
        <foreach item="id" collection="array" open="(" separator="," close=")">
            #{id}
        </foreach>
    </update>
    <insert id="insert" parameterType="ltd.goods.cloud.newbee.entity.GoodsCategory">
    insert into tb_newbee_mall_goods_category (category_id, category_level, parent_id, 
      category_name, category_rank, is_deleted, 
      create_time, create_user, update_time, 
      update_user)
    values (#{categoryId,jdbcType=BIGINT}, #{categoryLevel,jdbcType=TINYINT}, #{parentId,jdbcType=BIGINT}, 
      #{categoryName,jdbcType=VARCHAR}, #{categoryRank,jdbcType=INTEGER}, #{isDeleted,jdbcType=TINYINT}, 
      #{createTime,jdbcType=TIMESTAMP}, #{createUser,jdbcType=INTEGER}, #{updateTime,jdbcType=TIMESTAMP}, 
      #{updateUser,jdbcType=INTEGER})
  </insert>
    <insert id="insertSelective" parameterType="ltd.goods.cloud.newbee.entity.GoodsCategory">
        insert into tb_newbee_mall_goods_category
        <trim prefix="(" suffix=")" suffixOverrides=",">
            <if test="categoryId != null">
                category_id,
            </if>
            <if test="categoryLevel != null">
                category_level,
            </if>
            <if test="parentId != null">
                parent_id,
            </if>
            <if test="categoryName != null">
                category_name,
            </if>
            <if test="categoryRank != null">
                category_rank,
            </if>
            <if test="isDeleted != null">
                is_deleted,
            </if>
            <if test="createTime != null">
                create_time,
            </if>
            <if test="createUser != null">
                create_user,
            </if>
            <if test="updateTime != null">
                update_time,
            </if>
            <if test="updateUser != null">
                update_user,
            </if>
        </trim>
        <trim prefix="values (" suffix=")" suffixOverrides=",">
            <if test="categoryId != null">
                #{categoryId,jdbcType=BIGINT},
            </if>
            <if test="categoryLevel != null">
                #{categoryLevel,jdbcType=TINYINT},
            </if>
            <if test="parentId != null">
                #{parentId,jdbcType=BIGINT},
            </if>
            <if test="categoryName != null">
                #{categoryName,jdbcType=VARCHAR},
            </if>
            <if test="categoryRank != null">
                #{categoryRank,jdbcType=INTEGER},
            </if>
            <if test="isDeleted != null">
                #{isDeleted,jdbcType=TINYINT},
            </if>
            <if test="createTime != null">
                #{createTime,jdbcType=TIMESTAMP},
            </if>
            <if test="createUser != null">
                #{createUser,jdbcType=INTEGER},
            </if>
            <if test="updateTime != null">
                #{updateTime,jdbcType=TIMESTAMP},
            </if>
            <if test="updateUser != null">
                #{updateUser,jdbcType=INTEGER},
            </if>
        </trim>
    </insert>
    <update id="updateByPrimaryKeySelective" parameterType="ltd.goods.cloud.newbee.entity.GoodsCategory">
        update tb_newbee_mall_goods_category
        <set>
            <if test="categoryLevel != null">
                category_level = #{categoryLevel,jdbcType=TINYINT},
            </if>
            <if test="parentId != null">
                parent_id = #{parentId,jdbcType=BIGINT},
            </if>
            <if test="categoryName != null">
                category_name = #{categoryName,jdbcType=VARCHAR},
            </if>
            <if test="categoryRank != null">
                category_rank = #{categoryRank,jdbcType=INTEGER},
            </if>
            <if test="isDeleted != null">
                is_deleted = #{isDeleted,jdbcType=TINYINT},
            </if>
            <if test="createTime != null">
                create_time = #{createTime,jdbcType=TIMESTAMP},
            </if>
            <if test="createUser != null">
                create_user = #{createUser,jdbcType=INTEGER},
            </if>
            <if test="updateTime != null">
                update_time = #{updateTime,jdbcType=TIMESTAMP},
            </if>
            <if test="updateUser != null">
                update_user = #{updateUser,jdbcType=INTEGER},
            </if>
        </set>
        where category_id = #{categoryId,jdbcType=BIGINT}
    </update>
    <update id="updateByPrimaryKey" parameterType="ltd.goods.cloud.newbee.entity.GoodsCategory">
    update tb_newbee_mall_goods_category
    set category_level = #{categoryLevel,jdbcType=TINYINT},
      parent_id = #{parentId,jdbcType=BIGINT},
      category_name = #{categoryName,jdbcType=VARCHAR},
      category_rank = #{categoryRank,jdbcType=INTEGER},
      is_deleted = #{isDeleted,jdbcType=TINYINT},
      create_time = #{createTime,jdbcType=TIMESTAMP},
      create_user = #{createUser,jdbcType=INTEGER},
      update_time = #{updateTime,jdbcType=TIMESTAMP},
      update_user = #{updateUser,jdbcType=INTEGER}
    where category_id = #{categoryId,jdbcType=BIGINT}
  </update>
</mapper>