<?xml version="1.0" encoding="UTF-8"?>
<!--
严肃声明：
开源版本请务必保留此注释头信息，若删除我方将保留所有法律责任追究！
本软件已申请软件著作权，受国家版权局知识产权以及国家计算机软件著作权保护！
可正常分享和学习源码，不得用于违法犯罪活动，违者必究！
Copyright (c) 2022 程序员十三 all rights reserved.
版权所有，侵权必究！
-->
<!DOCTYPE mapper PUBLIC "-//mybatis.org//DTD Mapper 3.0//EN" "http://mybatis.org/dtd/mybatis-3-mapper.dtd">
<mapper namespace="ltd.recommend.cloud.newbee.dao.CarouselMapper">
    <resultMap id="BaseResultMap" type="ltd.recommend.cloud.newbee.entity.Carousel">
        <id column="carousel_id" jdbcType="INTEGER" property="carouselId"/>
        <result column="carousel_url" jdbcType="VARCHAR" property="carouselUrl"/>
        <result column="redirect_url" jdbcType="VARCHAR" property="redirectUrl"/>
        <result column="carousel_rank" jdbcType="INTEGER" property="carouselRank"/>
        <result column="is_deleted" jdbcType="TINYINT" property="isDeleted"/>
        <result column="create_time" jdbcType="TIMESTAMP" property="createTime"/>
        <result column="create_user" jdbcType="INTEGER" property="createUser"/>
        <result column="update_time" jdbcType="TIMESTAMP" property="updateTime"/>
        <result column="update_user" jdbcType="INTEGER" property="updateUser"/>
    </resultMap>
    <sql id="Base_Column_List">
    carousel_id, carousel_url, redirect_url, carousel_rank, is_deleted, create_time, 
    create_user, update_time, update_user
  </sql>
    <select id="findCarouselList" parameterType="Map" resultMap="BaseResultMap">
        select
        <include refid="Base_Column_List"/>
        from tb_newbee_mall_carousel
        where is_deleted = 0
        order by carousel_rank desc
        <if test="start!=null and limit!=null">
            limit #{start},#{limit}
        </if>
    </select>
    <select id="getTotalCarousels" parameterType="Map" resultType="int">
        select count(*) from tb_newbee_mall_carousel
        where is_deleted = 0
    </select>
    <select id="selectByPrimaryKey" parameterType="java.lang.Integer" resultMap="BaseResultMap">
        select
        <include refid="Base_Column_List"/>
        from tb_newbee_mall_carousel
        where carousel_id = #{carouselId,jdbcType=INTEGER} and is_deleted=0
    </select>
    <select id="findCarouselsByNum" parameterType="int" resultMap="BaseResultMap">
        select
        <include refid="Base_Column_List"/>
        from tb_newbee_mall_carousel
        where is_deleted = 0
        order by carousel_rank desc
        limit #{number}
    </select>
    <delete id="deleteByPrimaryKey" parameterType="java.lang.Integer">
    delete from tb_newbee_mall_carousel
    where carousel_id = #{carouselId,jdbcType=INTEGER}
  </delete>
    <insert id="insert" parameterType="ltd.recommend.cloud.newbee.entity.Carousel">
    insert into tb_newbee_mall_carousel (carousel_id, carousel_url, redirect_url, 
      carousel_rank, is_deleted, create_time, 
      create_user, update_time, update_user
      )
    values (#{carouselId,jdbcType=INTEGER}, #{carouselUrl,jdbcType=VARCHAR}, #{redirectUrl,jdbcType=VARCHAR}, 
      #{carouselRank,jdbcType=INTEGER}, #{isDeleted,jdbcType=TINYINT}, #{createTime,jdbcType=TIMESTAMP}, 
      #{createUser,jdbcType=INTEGER}, #{updateTime,jdbcType=TIMESTAMP}, #{updateUser,jdbcType=INTEGER}
      )
  </insert>
    <insert id="insertSelective" parameterType="ltd.recommend.cloud.newbee.entity.Carousel">
        insert into tb_newbee_mall_carousel
        <trim prefix="(" suffix=")" suffixOverrides=",">
            <if test="carouselId != null">
                carousel_id,
            </if>
            <if test="carouselUrl != null">
                carousel_url,
            </if>
            <if test="redirectUrl != null">
                redirect_url,
            </if>
            <if test="carouselRank != null">
                carousel_rank,
            </if>
            <if test="isDeleted != null">
                is_deleted,
            </if>
            <if test="createTime != null">
                create_time,
            </if>
            <if test="createUser != null">
                create_user,
            </if>
            <if test="updateTime != null">
                update_time,
            </if>
            <if test="updateUser != null">
                update_user,
            </if>
        </trim>
        <trim prefix="values (" suffix=")" suffixOverrides=",">
            <if test="carouselId != null">
                #{carouselId,jdbcType=INTEGER},
            </if>
            <if test="carouselUrl != null">
                #{carouselUrl,jdbcType=VARCHAR},
            </if>
            <if test="redirectUrl != null">
                #{redirectUrl,jdbcType=VARCHAR},
            </if>
            <if test="carouselRank != null">
                #{carouselRank,jdbcType=INTEGER},
            </if>
            <if test="isDeleted != null">
                #{isDeleted,jdbcType=TINYINT},
            </if>
            <if test="createTime != null">
                #{createTime,jdbcType=TIMESTAMP},
            </if>
            <if test="createUser != null">
                #{createUser,jdbcType=INTEGER},
            </if>
            <if test="updateTime != null">
                #{updateTime,jdbcType=TIMESTAMP},
            </if>
            <if test="updateUser != null">
                #{updateUser,jdbcType=INTEGER},
            </if>
        </trim>
    </insert>
    <update id="updateByPrimaryKeySelective" parameterType="ltd.recommend.cloud.newbee.entity.Carousel">
        update tb_newbee_mall_carousel
        <set>
            <if test="carouselUrl != null">
                carousel_url = #{carouselUrl,jdbcType=VARCHAR},
            </if>
            <if test="redirectUrl != null">
                redirect_url = #{redirectUrl,jdbcType=VARCHAR},
            </if>
            <if test="carouselRank != null">
                carousel_rank = #{carouselRank,jdbcType=INTEGER},
            </if>
            <if test="isDeleted != null">
                is_deleted = #{isDeleted,jdbcType=TINYINT},
            </if>
            <if test="createTime != null">
                create_time = #{createTime,jdbcType=TIMESTAMP},
            </if>
            <if test="createUser != null">
                create_user = #{createUser,jdbcType=INTEGER},
            </if>
            <if test="updateTime != null">
                update_time = #{updateTime,jdbcType=TIMESTAMP},
            </if>
            <if test="updateUser != null">
                update_user = #{updateUser,jdbcType=INTEGER},
            </if>
        </set>
        where carousel_id = #{carouselId,jdbcType=INTEGER}
    </update>
    <update id="updateByPrimaryKey" parameterType="ltd.recommend.cloud.newbee.entity.Carousel">
    update tb_newbee_mall_carousel
    set carousel_url = #{carouselUrl,jdbcType=VARCHAR},
      redirect_url = #{redirectUrl,jdbcType=VARCHAR},
      carousel_rank = #{carouselRank,jdbcType=INTEGER},
      is_deleted = #{isDeleted,jdbcType=TINYINT},
      create_time = #{createTime,jdbcType=TIMESTAMP},
      create_user = #{createUser,jdbcType=INTEGER},
      update_time = #{updateTime,jdbcType=TIMESTAMP},
      update_user = #{updateUser,jdbcType=INTEGER}
    where carousel_id = #{carouselId,jdbcType=INTEGER}
  </update>
    <update id="deleteBatch">
        update tb_newbee_mall_carousel
        set is_deleted=1,update_time=now() where carousel_id in
        <foreach item="id" collection="array" open="(" separator="," close=")">
            #{id}
        </foreach>
    </update>
</mapper>