<?xml version="1.0" encoding="UTF-8"?>
<!--
严肃声明：
开源版本请务必保留此注释头信息，若删除我方将保留所有法律责任追究！
本软件已申请软件著作权，受国家版权局知识产权以及国家计算机软件著作权保护！
可正常分享和学习源码，不得用于违法犯罪活动，违者必究！
Copyright (c) 2022 程序员十三 all rights reserved.
版权所有，侵权必究！
-->
<!DOCTYPE mapper PUBLIC "-//mybatis.org//DTD Mapper 3.0//EN" "http://mybatis.org/dtd/mybatis-3-mapper.dtd">
<mapper namespace="ltd.order.cloud.newbee.dao.NewBeeMallOrderAddressMapper">
  <resultMap id="BaseResultMap" type="ltd.order.cloud.newbee.entity.NewBeeMallOrderAddress">
    <id column="order_id" jdbcType="BIGINT" property="orderId" />
    <result column="user_name" jdbcType="VARCHAR" property="userName" />
    <result column="user_phone" jdbcType="VARCHAR" property="userPhone" />
    <result column="province_name" jdbcType="VARCHAR" property="provinceName" />
    <result column="city_name" jdbcType="VARCHAR" property="cityName" />
    <result column="region_name" jdbcType="VARCHAR" property="regionName" />
    <result column="detail_address" jdbcType="VARCHAR" property="detailAddress" />
  </resultMap>
  <sql id="Base_Column_List">
    order_id, user_name, user_phone, province_name, city_name, region_name, detail_address
  </sql>
  <select id="selectByPrimaryKey" parameterType="java.lang.Long" resultMap="BaseResultMap">
    select 
    <include refid="Base_Column_List" />
    from tb_newbee_mall_order_address
    where order_id = #{orderId,jdbcType=BIGINT}
  </select>
  <delete id="deleteByPrimaryKey" parameterType="java.lang.Long">
    delete from tb_newbee_mall_order_address
    where order_id = #{orderId,jdbcType=BIGINT}
  </delete>
  <insert id="insert" parameterType="ltd.order.cloud.newbee.entity.NewBeeMallOrderAddress">
    insert into tb_newbee_mall_order_address (order_id, user_name, user_phone, 
      province_name, city_name, region_name, 
      detail_address)
    values (#{orderId,jdbcType=BIGINT}, #{userName,jdbcType=VARCHAR}, #{userPhone,jdbcType=VARCHAR}, 
      #{provinceName,jdbcType=VARCHAR}, #{cityName,jdbcType=VARCHAR}, #{regionName,jdbcType=VARCHAR}, 
      #{detailAddress,jdbcType=VARCHAR})
  </insert>
  <insert id="insertSelective" parameterType="ltd.order.cloud.newbee.entity.NewBeeMallOrderAddress">
    insert into tb_newbee_mall_order_address
    <trim prefix="(" suffix=")" suffixOverrides=",">
      <if test="orderId != null">
        order_id,
      </if>
      <if test="userName != null">
        user_name,
      </if>
      <if test="userPhone != null">
        user_phone,
      </if>
      <if test="provinceName != null">
        province_name,
      </if>
      <if test="cityName != null">
        city_name,
      </if>
      <if test="regionName != null">
        region_name,
      </if>
      <if test="detailAddress != null">
        detail_address,
      </if>
    </trim>
    <trim prefix="values (" suffix=")" suffixOverrides=",">
      <if test="orderId != null">
        #{orderId,jdbcType=BIGINT},
      </if>
      <if test="userName != null">
        #{userName,jdbcType=VARCHAR},
      </if>
      <if test="userPhone != null">
        #{userPhone,jdbcType=VARCHAR},
      </if>
      <if test="provinceName != null">
        #{provinceName,jdbcType=VARCHAR},
      </if>
      <if test="cityName != null">
        #{cityName,jdbcType=VARCHAR},
      </if>
      <if test="regionName != null">
        #{regionName,jdbcType=VARCHAR},
      </if>
      <if test="detailAddress != null">
        #{detailAddress,jdbcType=VARCHAR},
      </if>
    </trim>
  </insert>
  <update id="updateByPrimaryKeySelective" parameterType="ltd.order.cloud.newbee.entity.NewBeeMallOrderAddress">
    update tb_newbee_mall_order_address
    <set>
      <if test="userName != null">
        user_name = #{userName,jdbcType=VARCHAR},
      </if>
      <if test="userPhone != null">
        user_phone = #{userPhone,jdbcType=VARCHAR},
      </if>
      <if test="provinceName != null">
        province_name = #{provinceName,jdbcType=VARCHAR},
      </if>
      <if test="cityName != null">
        city_name = #{cityName,jdbcType=VARCHAR},
      </if>
      <if test="regionName != null">
        region_name = #{regionName,jdbcType=VARCHAR},
      </if>
      <if test="detailAddress != null">
        detail_address = #{detailAddress,jdbcType=VARCHAR},
      </if>
    </set>
    where order_id = #{orderId,jdbcType=BIGINT}
  </update>
  <update id="updateByPrimaryKey" parameterType="ltd.order.cloud.newbee.entity.NewBeeMallOrderAddress">
    update tb_newbee_mall_order_address
    set user_name = #{userName,jdbcType=VARCHAR},
      user_phone = #{userPhone,jdbcType=VARCHAR},
      province_name = #{provinceName,jdbcType=VARCHAR},
      city_name = #{cityName,jdbcType=VARCHAR},
      region_name = #{regionName,jdbcType=VARCHAR},
      detail_address = #{detailAddress,jdbcType=VARCHAR}
    where order_id = #{orderId,jdbcType=BIGINT}
  </update>
</mapper>